movie_id,title,genre,release_year,description,rating
1,Interstellar,Sci-Fi,2014,"A team travels through space to find a new home for humanity.",8.7
2,The Hangover,Comedy,2009,"A group of friends wake up after a wild night in Vegas.",7.7
3,Inception,Sci-Fi,2010,"A thief who steals corporate secrets through dream-sharing technology.",8.8
4,Guardians of the Galaxy,Action,2014,"A band of misfits protect the galaxy from a powerful villain.",8.0
5,Your Name,Anime,2016,"Two teenagers swap bodies and try to meet each other.",8.9
6,Back to the Future,Comedy,1985,"A teenager travels back in time and disrupts his parents' meeting.",8.5
7,The Matrix,Action,1999,"A hacker discovers reality is a simulation and fights against it.",8.7
8,Spirited Away,Anime,2001,"A girl enters a spirit world to rescue her parents.",8.6
9,The Big Lebowski,Comedy,1998,"An easygoing dude is mistaken for a millionaire.",8.1
10,Star Wars: Episode IV - A New Hope,Action,1977,"A young farm boy becomes a hero in an interstellar war.",8.6
